Symptoms,Prevention,Treatment,NaturalRemedies,,,,
invasive,concerned,Tests,centuries,,,,
ductal,developing,procedures,herbs,,,,180
carcinoma,wondering,diagnose,plants,,,,173
IDC,steps,exam,medicinal,,,,309
milk,help,doctor,purposes,,,,206
ducts,prevent,check,food,,,,
distinct,risk,retain,variety,,,,
breast,factors,immune,active,,,,
lump,family,stimulating,phytochemicals,,,,
feel,history,anti-tumor,carotenoids,,,,
lobular,lifestyle,properties,flavonoids,,,,
ILC,changes,Mammogram,ligands,,,,
forms,make,X-ray,polyphenolics,,,,
milk-producing,lower,Mammograms,terpenoids,,,,
glands,reduce,screen,sulfides,,,,
thickening,Research,detected,lignans,,,,
Skin,Limit,screening,plant,,,,
changes,alcohol,diagnostic,sterols,,,,
swelling,more,evaluate,mechanisms,,,,
redness,drink,Ultrasound,action,,,,
visible,greater,sound,stimulate,,,,
differences,general,waves,protective,,,,
increase,recommendation,images,enzyme,,,,
size,based,solid,glutathione,,,,
change,effect,mass,transferase,,,,
shape,yourself,fluid-filled,biochemical,,,,
appearance,small,cyst,Allium,,,,
nipples,amounts,Removing,sativum,,,,
discharge,increase,sample,Echinacea,,,,
pain,Don't,cells,Curcuma,,,,
Lumps,smoke,testing,longa,,,,
nodes,Evidence,biopsy,Arctium,,,,
Felt,suggests,definitive,lappa,,,,
Irritated,link,way,Camellia,,,,
itchy,between,diagnosis,sinensis,,,,
breasts,smoking,specialized,Panax,,,,
color,particularly,needle,ginseng,,,,
touch,premenopausal,device,Flax,,,,
hard,Control,guided,seed,,,,
tender,weight,imaging,Extracts,,,,
warm,Being,test,juices,,,,
Peeling,overweight,core,Withania,,,,
flaking,obese,tissue,somnifera,,,,
pitting,increases,suspicious,Amoora,,,,
texture,obesity,area,rohituka,,,,
eczema,menopause,metal,Dysoxylum,,,,
swollen,physically,marker,binectariferum,,,,
lymph,active,site,Vaccinium,,,,
infection,Physical,easily,macrocarpon,,,,
illness,activity,identified,anti-breast,,,,
Seeing,maintain,future,cancer,,,,
evaluation,healthy,samples,oils,,,,
notice,helps,laboratory,synthesis,,,,
concern,adults,analysis,mevalonate,,,,
mass,should,experts,lessen,,,,
dimpling,aim,cancerous,growth,,,,
Nipple,week,analyzed,cholesterol,,,,
retraction,moderate,type,Herbal,,,,
turning,aerobic,involved,medicines,,,,
inward,vigorous,aggressiveness,Anti-oxidant,,,,
red,weekly,grade,Immune-suppressive,,,,
scaly,strength,hormone,associated,,,,
thickened,training,receptors,diet,,,,
underarm,feed,influence,alcohol,,,,
symptoms,feeding,options,movement,,,,
situ,play,magnetic,lifestyle,,,,
DCIS,prevention,resonance,endocrine,,,,
LCIS,longer,MRI,exogenous,,,,
biopsy,protective,machine,endogenous,,,,
investigate,dose,magnet,benign,,,,
unrelated,duration,radio,mammographic,,,,
cells,hormone,pictures,pathogenesis,,,,
abnormal,therapy,interior,agents,,,,
under,Combination,injection,particularly,,,,
microscope,menopausal,dye,fruits,,,,
inflammatory,ask,radiation,leaves,,,,
IBC,doctor,Staging,flowers,,,,
rarely,options,diagnosed,lichens,,,,
that,manage,establish,fungi,,,,
surface,nonhormonal,extent,Herb,,,,
ridged,therapies,stage,botanical,,,,
pitted,medications,helps,seeds,,,,
similar,decide,prognosis,nonwoody,,,,
orange,benefits,Complete,stems,,,,
peel,short,information,health,,,,
peau,term,undergo,Today,,,,
d’oran,outweigh,surgery,remedies,,,,
Heaviness,monitor,Blood,synthetic,,,,
burning,length,signs,herbals,,,,
aching,hormones,Bone,natural,,,,
larger,Avoid,scan,compound,,,,
Inverted,exposure,Computerized,support,,,,
facing,environmental,tomography,Dmitri,,,,
arm,pollution,CT,unconventional,,,,
collarb,Medical,Positron,therapy,,,,
unresolved,imaging,emission,nonconventional,,,,
antibiot,methods,PET,solution,,,,
self-exam,computerized,selects,self-prescription,,,,
exam,tomography,appropriate,fever,,,,
even,doses,specific,ginko,,,,
pregnant,studies,circumstances,goldenseal,,,,
"breast-feeding,",cumulative,stages,garlic,,,,
itchiness,lifetime,range,aloe,,,,
soreness,tests,indicating,vera,,,,
"mastitis,",absolutely,noninvasive,palmetto,,,,
antibiotics,necessary,contained,native,,,,
nursing,diet,cohosh,,,,,
Metastatic,Eating,ragweed,,,,,
stage,types,metastatic,snakeroot,,,,
chest,well,indicates,aromatic,,,,
wall,diabetes,spread,ingredients,,,,
affected,heart,areas,essential,,,,
bones,disease,body,provide,,,,
fractures,stroke,presence,flavor,,,,
constipation,eat,markers,foods,,,,
alertness,Mediterranean,estrogen,culinary,,,,
calcium,supplemented,progesterone,extract,,,,
tumors,virgin,HER2,existence,,,,
lungs,olive,proliferation,scientific,,,,
shortness,oil,sensitive,principals,,,,
breath,mixed,hormones,bodies,,,,
difficulty,nuts,chemotherapy,ultimately,,,,
breathing,reduced,therapy,Normal,,,,
coughing,focuses,complex,unevenness,,,,
extreme,plant,decisions,treated,,,,
fatigue,foods,seeking,improving,,,,
liver,fruits,opinion,Society,,,,
nausea,vegetables,specialist,resistance,,,,
abdominal,grains,clinic,routine,,,,
girth,legumes,Lumpectomy,cure,,,,
feet,fats,mastectomy,assistance,,,,
hands,butter,reconstruction,comforting,,,,
collection,fish,boxSentinel,care,,,,
yellowing,red,node,effect,,,,
spreads,meat,Sentinel,life,,,,
brain,Maintaining,boxRadiation,quality,,,,
spinal,key,Operations,condition,,,,
cord,factor,treat,premature,,,,
memory,birth,breast-conserving,reduced,,,,
loss,pills,excision,productivity,,,,
headache,hormonal,surgeon,advanced,,,,
blurred,contraception,removes,survival,,,,
vision,IUDs,margin,unindustrialized,,,,
speech,stop,surrounding,control,,,,
movement,contraceptives,tumors,attitudes,,,,
seizure,showed,shrink,readily,,,,
Papillary,association,procedure,available,,,,
routine,contraceptive,operation,measure,,,,
development.,determined,lobules,reduce,,,,
those,additional,fatty,benefit,,,,
detected,expected,skin,Ziegler,,,,
cyst,controlling,nipple,technique,,,,
carcinomas,menstrual,areola,identifying,,,,
occur,bleeding,surgical,indirect,,,,
beneath,preventing,techniques,easy,,,,
bloody,unwanted,cases,execute,,,,
Triple-negative,pregnancy,improve,economical,,,,
unique,reducing,Skin-sparing,freely,,,,
characteristics,endometrial,nipple-sparing,qualified,,,,
Receptor,ovarian,drainage,healthcare,,,,
receptors,vigilant,axillary,suppliers,,,,
estrogen,detection,dissection,progressively,,,,
progesterone,notice,contralateral,great,,,,
hormone,breasts,prophylactic,nourishment,,,,
therapy,new,predisposition,therapies,,,,
risk,lump,strong,helps,,,,
basal,skin,develop,better,,,,
lining,consult,Complications,proactive,,,,
painless,begin,depend,Acupuncture,,,,
puckering,mammograms,pain,roots,,,,
fluid,screenings,bleeding,traditional,,,,
history,personal,infection,relieve,,,,
uncontrolled,clinic,swelling,beneficial,,,,
division,,lymphedema,Massage,,,,
risk,,plastic,muscles,,,,
genetic,,implant,relaxation,,,,
mucinous,,silicone,therapist,,,,
mucus,,water,Tai,,,,
generating,,performed,chi,,,,
tube-like,,high-powered,qi,,,,
,,beams,gong,,,,
,,energy,movement-based,,,,
,,X-rays,exercises,,,,
,,protons,practices,,,,
,,kill,balance,,,,
,,external,energies,,,,
,,beam,breathing,,,,
,,radioactive,meditation,,,,
,,material,mobility,,,,
,,inside,mental,,,,
,,brachytherapy,helpful,,,,
,,Doctors,benefits,,,,
,,chest,yoga,,,,
,,wall,super-natural,,,,
,,last,aerobics,,,,
,,oncologist,god,,,,
,,location,prayer,,,,
,,effects,spice,,,,
,,fatigue,mushroom,,,,
,,red,saffron,,,,
,,sunburn-like,sweet,,,,
,,rash,superfoods,,,,
,,swollen,broccoli,,,,
,,firm,sprouts,,,,
,,Rarely,cabbage,,,,
,,more-serious,potatoes,,,,
,,problems,nutritionist,,,,
,,occur,cantaloupes ,,,,
,,damage,,,,,
,,heart,,,,,
,,lungs,,,,,
,,drugs,,,,,
,,fast-growing,,,,,
,,returning,,,,,
,,spreading,,,,,
,,control,,,,,
,,hair,,,,,
,,loss,,,,,
,,nausea,,,,,
,,vomiting,,,,,
,,developing,,,,,
,,Rare,,,,,
,,premature,,,,,
,,menopause,,,,,
,,infertility,,,,,
,,premenopausal,,,,,
,,kidneys,,,,,
,,nerve,,,,,
,,hormone-blocking,,,,,
,,receptor,,,,,
,,positive,,,,,
,,ER,,,,,
,,PR,,,,,
,,treatments,,,,,
,,Medications,,,,,
,,block,,,,,
,,selective,,,,,
,,modulators,,,,,
,,aromatase,,,,,
,,inhibitors,,,,,
,,production,,,,,
,,ovaries,,,,,
,,hot,,,,,
,,flashes,,,,,
,,sweats,,,,,
,,vaginal,,,,,
,,dryness,,,,,
,,serious,,,,,
,,thinning,,,,,
,,clots,,,,,
,,Targeted,,,,,
,,drug,,,,,
,,attack,,,,,
,,protein,,,,,
,,overproduce,,,,,
,,epidermal,,,,,
,,growth,,,,,
,,factor,,,,,
,,grow,,,,,
,,survive,,,,,
,,active,,,,,
,,research,,,,,
,,tested,,,,,
,,reduce,,,,,
,,return,,,,,
,,advanced,,,,,
,,Immunotherapy,,,,,
,,immune,,,,,
,,system,,,,,
,,fight,,,,,
,,body's,,,,,
,,disease-fighting,,,,,
,,proteins,,,,,
,,blind,,,,,
,,interfering,,,,,
,,process,,,,,
,,triple-negative,,,,,
,,palliative,,,,,
,,care,,,,,
,,medical,,,,,
,,focuses,,,,,
,,providing,,,,,
,,relief,,,,,
,,illness,,,,,
,,specialists,,,,,
,,work,,,,,
,,extra,,,,,
,,layer,,,,,
,,support,,,,,
,,complements,,,,,
,,ongoing,,,,,
,,undergoing,,,,,
,,aggressive,,,,,
,,live,,,,,
,,team,,,,,
,,nurses,,,,,
,,specially,,,,,
,,trained,,,,,
,,professionals,,,,,
,,teams,,,,,
,,aim,,,,,
,,quality,,,,,
,,life,,,,,
,,families,,,,,
,,offered,,,,,
,,alongside,,,,,
,,curative,,,,,
,,receiving,,,,,
,,knowledge,,,,,
